Релевантность,Запрос,Заголовок,Текст,URL,Категория,Дата
1,зимние шины,"В России сократились продажи зимних шин, а чек на их покупку вырос","В России сократились продажи зимних шин, а чек на их покупку вырос Оценка авто Отчёты Кредиты Страховки Отзывы Каталог Гараж Бортжурнал Лизинг Легковые С пробегом Новые Новинки автопрома Дилеры Видео ...",https://auto.ru/mag/article/v-rossii-sokratilis-prodazhi-zimnih-shin-a-chek-na-ih-pokupku-vyros,Новости,2025-10-16T15:05:37+00:00
1,зимние шины,1 декабря вступил в силу сезонный запрет на езду без зимних шин,1 декабря вступил в силу сезонный запрет на езду без зимних шин Оценка авто Отчёты Кредиты Страховки Отзывы Каталог Гараж Бортжурнал Лизинг Легковые С пробегом Новые Новинки автопрома Дилеры Видео JET...,https://auto.ru/mag/article/1-dekabrya-vstupil-v-silu-sezonnyy-zapret-na-ezdu-bez-zimnih-shin,Новости,2024-12-01T11:55:27+00:00
1,зимние шины,"Когда запустят камеры-шумомеры, накажут ли за ДТП зимой на летних шинах и кое-что ещё","Когда запустят камеры-шумомеры, накажут ли за ДТП зимой на летних шинах и кое-что ещё Оценка авто Отчёты Кредиты Страховки Отзывы Каталог Гараж Бортжурнал Лизинг Легковые С пробегом Новые Новинки авто...",https://auto.ru/mag/article/kameryshumomery-nakazhut-dtp-zimoy-na-letnih-shinah-i-koechto-eshchyo,Новости,2025-11-15T07:01:00+00:00
0,зимние шины,Московских водителей призвали срочно «переобуваться»,Московских водителей призвали срочно «переобуваться» Оценка авто Отчёты Кредиты Страховки Отзывы Каталог Гараж Бортжурнал Лизинг Легковые С пробегом Новые Новинки автопрома Дилеры Видео JETOUR TENET М...,https://auto.ru/mag/article/gidrometcentr-moskovskim-avtomobilistam-odnoznachno-pora-menyat-letnie-shiny-na-zimnie,Новости,2025-11-06T09:33:07+00:00
1,зимние шины,"Синоптики рассказали, когда автомобилистам столичного региона лучше сменить резину","Синоптики рассказали, когда автомобилистам столичного региона лучше сменить резину Оценка авто Отчёты Кредиты Страховки Отзывы Каталог Гараж Бортжурнал Лизинг Легковые С пробегом Новые Новинки автопро...",https://auto.ru/mag/article/sinoptiki-rasskazali-kogda-avtomobilistam-stolichnogo-regiona-luchshe-smenit-rezinu,Новости,2025-10-16T12:18:59+00:00
1,зимние шины,"В России выросли и производство, и импорт легковых шин","В России выросли и производство, и импорт легковых шин Оценка авто Отчёты Кредиты Страховки Отзывы Каталог Гараж Бортжурнал Лизинг Легковые С пробегом Новые Новинки автопрома Дилеры Видео JETOUR TENET...",https://auto.ru/mag/article/v-rossii-vyrosli-i-proizvodstvo-i-import-legkovyh-shin,Новости,2025-02-10T07:48:37+00:00
1,зимние шины,В России почти на 20 процентов упало производство легковых шин,В России почти на 20 процентов упало производство легковых шин Оценка авто Отчёты Кредиты Страховки Отзывы Каталог Гараж Бортжурнал Лизинг Легковые С пробегом Новые Новинки автопрома Дилеры Видео JETO...,https://auto.ru/mag/article/v-rossii-pochti-na-20-procentov-upalo-proizvodstvo-legkovyh-shin,Новости,2025-08-27T07:41:22+00:00
0,зимние шины,УАЗ завершил зимние испытания машин с новым дизелем,УАЗ завершил зимние испытания машин с новым дизелем Оценка авто Отчёты Кредиты Страховки Отзывы Каталог Гараж Бортжурнал Лизинг Легковые С пробегом Новые Новинки автопрома Дилеры Видео JETOUR TENET Мо...,https://auto.ru/mag/article/uaz-zavershil-zimnie-ispytaniya-mashin-s-novym-dizelem,Новости,2025-02-19T06:11:36+00:00
1,зимние шины,Автомобили Aurus переобуют в российские шины,Автомобили Aurus переобуют в российские шины Оценка авто Отчёты Кредиты Страховки Отзывы Каталог Гараж Бортжурнал Лизинг Легковые С пробегом Новые Новинки автопрома Дилеры Видео JETOUR TENET Мото Мото...,https://auto.ru/mag/article/roskoshnye-avtomobili-aurus-poluchat-rossiyskie-shiny,Новости,2025-02-12T11:09:45+00:00
1,зимние шины,Минпромторг хочет ввести обязательную сертификацию автомобильных шин,Минпромторг хочет ввести обязательную сертификацию автомобильных шин Оценка авто Отчёты Кредиты Страховки Отзывы Каталог Гараж Бортжурнал Лизинг Легковые С пробегом Новые Новинки автопрома Дилеры Виде...,https://auto.ru/mag/article/minpromtorg-predlozhil-vvesti-obyazatelnuyu-sertifikaciyu-avtomobilnyh-shin,Новости,2024-12-29T07:48:50+00:00
1,новые китайские автомобили,Продажи новых китайских автомобилей в России упали более чем на четверть,Продажи новых китайских автомобилей в России упали более чем на четверть Оценка авто Отчёты Кредиты Страховки Отзывы Каталог Гараж Бортжурнал Лизинг Легковые С пробегом Новые Новинки автопрома Дилеры ...,https://auto.ru/mag/article/prodazhi-novyh-kitayskih-avtomobiley-v-rossii-upali-bolee-chem-na-chetvert,Новости,2025-11-10T13:53:18+00:00
1,новые китайские автомобили,"Доля новых китайских автомобилей в России снизилась, а японских — увеличилась","Доля новых китайских автомобилей в России снизилась, а японских — увеличилась Оценка авто Отчёты Кредиты Страховки Отзывы Каталог Гараж Бортжурнал Лизинг Легковые С пробегом Новые Новинки автопрома Ди...",https://auto.ru/mag/article/dolya-novyh-kitayskih-avtomobiley-v-rossii-snizilas-a-yaponskih-uvelichilas,Новости,2025-08-25T09:58:33+00:00
1,новые китайские автомобили,Сборку большого кроссовера Soueast S09 наладят на «Автоторе»,Сборку большого кроссовера Soueast S09 наладят на «Автоторе» Оценка авто Отчёты Кредиты Страховки Отзывы Каталог Гараж Бортжурнал Лизинг Легковые С пробегом Новые Новинки автопрома Дилеры Видео JETOUR...,https://auto.ru/mag/article/sborku-bolshogo-krossovera-soueast-s09-naladyat-na-avtotore,Новости,2025-07-31T06:24:44+00:00
0,новые китайские автомобили,В России тайно выпустили партию кроссоверов BMW X5 и X6,В России тайно выпустили партию кроссоверов BMW X5 и X6 Оценка авто Отчёты Кредиты Страховки Отзывы Каталог Гараж Бортжурнал Лизинг Легковые С пробегом Новые Новинки автопрома Дилеры Видео JETOUR TENE...,https://auto.ru/mag/article/kaliningradskiy-avtotor-vypustil-partiyu-novyh-bmw-x5-i-x6,Новости,2025-03-11T11:17:03+00:00
1,новые китайские автомобили,Доля автомобилей с «автоматом» в РФ выросла с 20 до 70 процентов за 20 лет,Доля автомобилей с «автоматом» в РФ выросла с 20 до 70 процентов за 20 лет Оценка авто Отчёты Кредиты Страховки Отзывы Каталог Гараж Бортжурнал Лизинг Легковые С пробегом Новые Новинки автопрома Дилер...,https://auto.ru/mag/article/dolya-avtomobiley-s-avtomatom-v-rf-vyrosla-s-20-do-70-procentov-za-20-let,Новости,2025-06-30T09:07:15+00:00
1,новые китайские автомобили,В Россию начнут поставлять автомобили Changan казахстанской сборки,В Россию начнут поставлять автомобили Changan казахстанской сборки Оценка авто Отчёты Кредиты Страховки Отзывы Каталог Гараж Бортжурнал Лизинг Легковые С пробегом Новые Новинки автопрома Дилеры Видео ...,https://auto.ru/mag/article/v-rossii-poyavyatsya-avtomobili-changan-kazahstanskoy-sborki,Новости,2025-07-15T16:09:49+00:00
1,новые китайские автомобили,Названы самые популярные в России автомобили с автоматическими коробками,Названы самые популярные в России автомобили с автоматическими коробками Оценка авто Отчёты Кредиты Страховки Отзывы Каталог Гараж Бортжурнал Лизинг Легковые С пробегом Новые Новинки автопрома Дилеры ...,https://auto.ru/mag/article/nazvany-samye-populyarnye-v-rossii-avtomobili-s-avtomaticheskimi-korobkami,Новости,2025-02-05T10:00:42+00:00
1,новые китайские автомобили,Руководство «Автотора» поддержало повышение утильсбора,Руководство «Автотора» поддержало повышение утильсбора Оценка авто Отчёты Кредиты Страховки Отзывы Каталог Гараж Бортжурнал Лизинг Легковые С пробегом Новые Новинки автопрома Дилеры Видео JETOUR TENET...,https://auto.ru/mag/article/rukovodstvo-avtotora-podderzhalo-povyshenie-utilsbora,Новости,2025-09-30T13:36:18+00:00
1,новые китайские автомобили,В России вернули требование об обязательной установке системы ESP на новые автомобили,В России вернули требование об обязательной установке системы ESP на новые автомобили Оценка авто Отчёты Кредиты Страховки Отзывы Каталог Гараж Бортжурнал Лизинг Легковые С пробегом Новые Новинки авто...,https://auto.ru/mag/article/v-rossii-vernuli-trebovanie-ob-obyazatelnoy-ustanovke-sistemy-esp-na-novye-avtomobili,Новости,2025-01-02T08:54:54+00:00
1,новые китайские автомобили,Кроссовер Soueast S06 получит полный привод в России,Кроссовер Soueast S06 получит полный привод в России Оценка авто Отчёты Кредиты Страховки Отзывы Каталог Гараж Бортжурнал Лизинг Легковые С пробегом Новые Новинки автопрома Дилеры Видео JETOUR TENET М...,https://auto.ru/mag/article/krossover-soueast-s06-poluchit-polnyy-privod-v-rossii,Новости,2025-08-18T11:01:55+00:00
1,цены на автомобили 2025,«Москвич» повысил цены на кроссоверы 2025 года выпуска,«Москвич» повысил цены на кроссоверы 2025 года выпуска Оценка авто Отчёты Кредиты Страховки Отзывы Каталог Гараж Бортжурнал Лизинг Легковые С пробегом Новые Новинки автопрома Дилеры Видео JETOUR TENET...,https://auto.ru/mag/article/moskvich-povysil-ceny-na-krossovery-2025-goda-vypuska,Новости,2025-07-11T04:30:00+00:00
1,цены на автомобили 2025,"Новые штрафы 2025 года, реальные цены на отечественный семиместник и кое-что ещё","Новые штрафы 2025 года, реальные цены на отечественный семиместник и кое-что ещё Оценка авто Отчёты Кредиты Страховки Отзывы Каталог Гараж Бортжурнал Лизинг Легковые С пробегом Новые Новинки автопрома...",https://auto.ru/mag/article/novye-shtrafy-2025-ceny-na-otechestvennyy-semimestnik-i-koechto-eshchyo,Новости,2025-01-11T07:01:00+00:00
1,цены на автомобили 2025,В России появился Tank 500 2025 модельного года с Яндекс Авто: цены,В России появился Tank 500 2025 модельного года с Яндекс Авто: цены Оценка авто Отчёты Кредиты Страховки Отзывы Каталог Гараж Бортжурнал Лизинг Легковые С пробегом Новые Новинки автопрома Дилеры Видео...,https://auto.ru/mag/article/v-rossii-poyavilsya-tank-500-2025-modelnogo-goda-s-yandeks-avto-ceny,Новости,2025-11-10T07:56:20+00:00
1,цены на автомобили 2025,В Россию привезли внедорожники Haval H9 2025 года выпуска: известны цены,В Россию привезли внедорожники Haval H9 2025 года выпуска: известны цены Оценка авто Отчёты Кредиты Страховки Отзывы Каталог Гараж Бортжурнал Лизинг Легковые С пробегом Новые Новинки автопрома Дилеры ...,https://auto.ru/mag/article/v-rossiyu-privezli-vnedorozhniki-haval-h9-2025-goda-vypuska-izvestny-ceny,Новости,2025-10-07T15:01:21+00:00
0,цены на автомобили 2025,Центробанк заявил о снижении средней стоимости ОСАГО,Центробанк заявил о снижении средней стоимости ОСАГО Оценка авто Отчёты Кредиты Страховки Отзывы Каталог Гараж Бортжурнал Лизинг Легковые С пробегом Новые Новинки автопрома Дилеры Видео JETOUR TENET М...,https://auto.ru/mag/article/centrobank-zayavil-o-snizhenii-sredney-stoimosti-osago,Новости,2025-06-06T04:30:00+00:00
1,цены на автомобили 2025,Дилеры раскрыли стоимость кроссовера «Москвич 8»,Дилеры раскрыли стоимость кроссовера «Москвич 8» Оценка авто Отчёты Кредиты Страховки Отзывы Каталог Гараж Бортжурнал Лизинг Легковые С пробегом Новые Новинки автопрома Дилеры Видео JETOUR TENET Мото ...,https://auto.ru/mag/article/dilery-raskryli-stoimost-krossovera-moskvich-8,Новости,2024-11-18T17:29:35+00:00
1,цены на автомобили 2025,"Полная стоимость автокредита в декабре составила 24,11%","Полная стоимость автокредита в декабре составила 24,11% Оценка авто Отчёты Кредиты Страховки Отзывы Каталог Гараж Бортжурнал Лизинг Легковые С пробегом Новые Новинки автопрома Дилеры Видео JETOUR TENE...",https://auto.ru/mag/article/polnaya-stoimost-avtokredita-v-dekabre-sostavila-2411,Новости,2025-01-25T10:29:20+00:00
1,цены на автомобили 2025,Объявлена стоимость дизельного JAC T9 в России,Объявлена стоимость дизельного JAC T9 в России Оценка авто Отчёты Кредиты Страховки Отзывы Каталог Гараж Бортжурнал Лизинг Легковые С пробегом Новые Новинки автопрома Дилеры Видео JETOUR TENET Мото Мо...,https://auto.ru/mag/article/raskryta-stoimost-dizelnogo-jac-t9-v-rossii,Новости,2025-08-14T14:37:19+00:00
0,цены на автомобили 2025,Стала известна стоимость разработки национальной автомобильной платформы,Стала известна стоимость разработки национальной автомобильной платформы Оценка авто Отчёты Кредиты Страховки Отзывы Каталог Гараж Бортжурнал Лизинг Легковые С пробегом Новые Новинки автопрома Дилеры ...,https://auto.ru/mag/article/nami-razrabotaet-novuyu-modulnuyu-platformu-za-878-milliarda-rubley,Новости,2024-11-13T07:30:38+00:00
0,цены на автомобили 2025,С 17 апреля в России изменится стоимость ОСАГО для мотоциклистов,С 17 апреля в России изменится стоимость ОСАГО для мотоциклистов Оценка авто Отчёты Кредиты Страховки Отзывы Каталог Гараж Бортжурнал Лизинг Легковые С пробегом Новые Новинки автопрома Дилеры Видео JE...,https://auto.ru/mag/article/s-17-aprelya-v-rossii-izmenitsya-stoimost-osago-dlya-motociklistov,Новости,2025-04-16T08:43:24+00:00
1,повышение транспортного налога,В Москве принят закон о повышении ставок транспортного налога,Повышение транспортного налога в Москве: закон принят Оценка авто Отчёты Кредиты Страховки Отзывы Каталог Гараж Бортжурнал Лизинг Легковые С пробегом Новые Новинки автопрома Дилеры Видео JETOUR TENET ...,https://auto.ru/mag/article/moskva-povyshaet-stavki-transportnogo-naloga,Новости,2024-11-13T14:08:52+00:00
1,повышение транспортного налога,"Повышение штрафов с Нового года, рост транспортного налога и кое-что ещё","Повышение штрафов с Нового года, рост транспортного налога и кое-что ещё Оценка авто Отчёты Кредиты Страховки Отзывы Каталог Гараж Бортжурнал Лизинг Легковые С пробегом Новые Новинки автопрома Дилеры ...",https://auto.ru/mag/article/povyshenie-shtrafov-s-novogo-goda-rost-transportnogo-naloga-i-koechto-eshchyo,Новости,2024-11-23T07:01:00+00:00
1,повышение транспортного налога,Повышение транспортного налога в Москве: стали известны ставки с 2025 года,Повышение транспортного налога в Москве: стали известны ставки с 2025 года Оценка авто Отчёты Кредиты Страховки Отзывы Каталог Гараж Бортжурнал Лизинг Легковые С пробегом Новые Новинки автопрома Дилер...,https://auto.ru/mag/article/raskryto-na-skolko-vyrastet-transportnyy-nalog-v-moskve,Новости,2024-11-15T15:32:55+00:00
1,повышение транспортного налога,В Британии хотят ввести налог на электрокары,В Британии хотят ввести налог на электрокары Оценка авто Отчёты Кредиты Страховки Отзывы Каталог Гараж Бортжурнал Лизинг Легковые С пробегом Новые Новинки автопрома Дилеры Видео JETOUR TENET Мото Мото...,https://auto.ru/mag/article/britanskih-vladelcev-elektrokarov-hotyat-zastavit-platit-za-kazhdyy-kilometr-probega,Новости,2025-11-06T16:28:13+00:00
1,повышение транспортного налога,Роскошные автомобили принесут в бюджет РФ рекордную сумму сборов по налогам,Роскошные автомобили принесут в бюджет РФ рекордную сумму сборов по налогам Оценка авто Отчёты Кредиты Страховки Отзывы Каталог Гараж Бортжурнал Лизинг Легковые С пробегом Новые Новинки автопрома Диле...,https://auto.ru/mag/article/roskoshnye-avtomobili-prinesut-v-byudzhet-rf-rekordnuyu-summu-sborov-po-nalogam,Новости,2025-11-10T14:36:02+00:00
1,повышение транспортного налога,В трёх регионах России увеличат транспортный налог,В трёх регионах России увеличат транспортный налог Оценка авто Отчёты Кредиты Страховки Отзывы Каталог Гараж Бортжурнал Лизинг Легковые С пробегом Новые Новинки автопрома Дилеры Видео JETOUR TENET Мот...,https://auto.ru/mag/article/v-tryoh-regionah-rossii-uvelichat-transportnyy-nalog,Новости,2025-10-16T11:20:07+00:00
1,повышение транспортного налога,"Повышение пошлин за права, номера, ПТС с 1 сентября: законопроект принят","Повышение пошлин за права, номера, ПТС с 1 сентября: законопроект принят Оценка авто Отчёты Кредиты Страховки Отзывы Каталог Гараж Бортжурнал Лизинг Легковые С пробегом Новые Новинки автопрома Дилеры ...",https://auto.ru/mag/article/zakon-o-povyshenii-nyneshnih-poshlin-i-vvedenii-novyh-prinyat-v-pervom-chtenii,Новости,2025-07-16T07:14:23+00:00
1,повышение транспортного налога,В России снова предложили ввести 50-процентную скидку на транспортный налог,В России снова предложили ввести 50-процентную скидку на транспортный налог Оценка авто Отчёты Кредиты Страховки Отзывы Каталог Гараж Бортжурнал Лизинг Легковые С пробегом Новые Новинки автопрома Диле...,https://auto.ru/mag/article/v-rossii-snova-predlozhili-vvesti-polovinnuyu-skidku-na-transportnyy-nalog,Новости,2025-03-19T10:23:33+00:00
1,повышение транспортного налога,"Доход от утильсбора вырастет в 1,5 раза благодаря повышенным ставкам","Доход от утильсбора вырастет в 1,5 раза благодаря повышенным ставкам Оценка авто Отчёты Кредиты Страховки Отзывы Каталог Гараж Бортжурнал Лизинг Легковые С пробегом Новые Новинки автопрома Дилеры Виде...",https://auto.ru/mag/article/dohod-ot-utilsbora-vyrastet-v-15-raza-v-2026-godu,Новости,2025-09-25T17:17:06+00:00
1,повышение транспортного налога,В России готовят законопроект о повышенном налоге для старых машин,В России готовят законопроект о повышенном налоге для старых машин Оценка авто Отчёты Кредиты Страховки Отзывы Каталог Гараж Бортжурнал Лизинг Легковые С пробегом Новые Новинки автопрома Дилеры Видео ...,https://auto.ru/mag/article/dilery-gotovyat-zakonoproekt-kotoryy-sdelaet-ekspluataciyu-staryh-mashin-gorazdo-dorozhe,Новости,2025-07-08T16:28:22+00:00
1,электромобили в России,В России растут продажи электромобилей с пробегом,В России растут продажи электромобилей с пробегом Оценка авто Отчёты Кредиты Страховки Отзывы Каталог Гараж Бортжурнал Лизинг Легковые С пробегом Новые Новинки автопрома Дилеры Видео JETOUR TENET Мото...,https://auto.ru/mag/article/v-rossii-rastut-prodazhi-elektromobiley-s-probegom,Новости,2025-07-23T15:03:35+00:00
1,электромобили в России,В Китае замедлился рост продаж гибридов и электромобилей,В Китае замедлился рост продаж гибридов и электромобилей Оценка авто Отчёты Кредиты Страховки Отзывы Каталог Гараж Бортжурнал Лизинг Легковые С пробегом Новые Новинки автопрома Дилеры Видео JETOUR TEN...,https://auto.ru/mag/article/v-kitae-zamedlilsya-rost-prodazh-gibridov-i-elektromobiley,Новости,2025-09-08T17:38:11+00:00
1,электромобили в России,Амберавто А5 впервые стал самым продаваемым электромобилем в России,Амберавто А5 впервые стал самым продаваемым электромобилем в России Оценка авто Отчёты Кредиты Страховки Отзывы Каталог Гараж Бортжурнал Лизинг Легковые С пробегом Новые Новинки автопрома Дилеры Видео...,https://auto.ru/mag/article/amberavto-a5-vpervye-stal-samym-prodavaemym-elektromobilem-v-rossii,Новости,2025-10-10T08:23:33+00:00
1,электромобили в России,Продажи новых электромобилей в России резко выросли из-за скорого увеличения утильсбора,Продажи новых электромобилей в России резко выросли из-за скорого увеличения утильсбора Оценка авто Отчёты Кредиты Страховки Отзывы Каталог Гараж Бортжурнал Лизинг Легковые С пробегом Новые Новинки ав...,https://auto.ru/mag/article/prodazhi-novyh-elektromobiley-v-rossii-rezko-vyrosli-izza-skorogo-uvelicheniya-utilsbora,Новости,2025-11-08T12:38:40+00:00
1,электромобили в России,В 2030 году в России должны собрать 54 тысячи электромобилей и гибридов,В 2030 году в России должны собрать 54 тысячи электромобилей и гибридов Оценка авто Отчёты Кредиты Страховки Отзывы Каталог Гараж Бортжурнал Лизинг Легковые С пробегом Новые Новинки автопрома Дилеры В...,https://auto.ru/mag/article/v-2030-godu-v-rossii-dolzhny-sobrat-54-tysyachi-elektromobiley-i-gibridov,Новости,2025-01-11T09:54:52+00:00
1,электромобили в России,"В Китае представили батарею для электрокаров, которая заряжается на 520 километров за пять минут","В Китае представили батарею для электрокаров, которая заряжается на 520 километров за пять минут Оценка авто Отчёты Кредиты Страховки Отзывы Каталог Гараж Бортжурнал Лизинг Легковые С пробегом Новые Н...",https://auto.ru/mag/article/v-kitae-predstavili-batareyu-kotoraya-zaryazhaetsya-na-520-kilometrov-za-pyat-minut,Новости,2025-04-22T17:20:35+00:00
1,электромобили в России,Geely и Renault разработали ДВС для превращения электромобилей в гибриды,Geely и Renault разработали ДВС для превращения электромобилей в гибриды Оценка авто Отчёты Кредиты Страховки Отзывы Каталог Гараж Бортжурнал Лизинг Легковые С пробегом Новые Новинки автопрома Дилеры ...,https://auto.ru/mag/article/geely-i-renault-razrabotali-dvs-dlya-prevrashcheniya-elektromobiley-v-gibridy,Новости,2025-09-06T06:40:00+00:00
1,электромобили в России,Европа готовит новые меры для повышения спроса на электромобили,Европа готовит новые меры для повышения спроса на электромобили Оценка авто Отчёты Кредиты Страховки Отзывы Каталог Гараж Бортжурнал Лизинг Легковые С пробегом Новые Новинки автопрома Дилеры Видео JET...,https://auto.ru/mag/article/evropa-gotovit-novye-mery-dlya-povysheniya-sprosa-na-elektromobili,Новости,2025-03-01T10:45:00+00:00
1,электромобили в России,МЧС России попросили ограничить парковку электрокаров на закрытых стоянках,МЧС России попросили ограничить парковку электрокаров на закрытых стоянках Оценка авто Отчёты Кредиты Страховки Отзывы Каталог Гараж Бортжурнал Лизинг Легковые С пробегом Новые Новинки автопрома Дилер...,https://auto.ru/mag/article/mchs-rossii-poprosili-ogranichit-parkovku-elektrokarov-na-zakrytyh-stoyankah,Новости,2025-06-18T08:30:42+00:00
1,электромобили в России,"Правительство РФ потратит дополнительные 5,7 миллиарда рублей на зарядки для электрокаров","Правительство РФ потратит дополнительные 5,7 миллиарда рублей на зарядки для электрокаров Оценка авто Отчёты Кредиты Страховки Отзывы Каталог Гараж Бортжурнал Лизинг Легковые С пробегом Новые Новинки ...",https://auto.ru/mag/article/pravitelstvo-rf-potratit-dopolnitelnye-57-na-zaryadki-dlya-elektrokarov,Новости,2025-08-04T10:42:23+00:00
1,снижение цен на бензин,В России предложили зафиксировать максимальные цены на топливо,В России предложили зафиксировать максимальные цены на топливо Оценка авто Отчёты Кредиты Страховки Отзывы Каталог Гараж Бортжурнал Лизинг Легковые С пробегом Новые Новинки автопрома Дилеры Видео JETO...,https://auto.ru/mag/article/v-rossii-predlozhili-zafiksirovat-maksimalnye-ceny-na-toplivo,Новости,2025-10-14T06:09:28+00:00
0,снижение цен на бензин,ФАС запустила масштабную проверку АЗС из-за роста цен на бензин,ФАС запустила масштабную проверку АЗС из-за роста цен на бензин Оценка авто Отчёты Кредиты Страховки Отзывы Каталог Гараж Бортжурнал Лизинг Легковые С пробегом Новые Новинки автопрома Дилеры Видео JET...,https://auto.ru/mag/article/fas-nachala-vydavat-preduprezhdeniya-azs-izza-rosta-cen-na-benzin,Новости,2025-09-30T14:15:44+00:00
1,снижение цен на бензин,Биржевая цена бензина АИ-95 в России выросла до рекордного уровня,Биржевая цена бензина АИ-95 в России выросла до рекордного уровня Оценка авто Отчёты Кредиты Страховки Отзывы Каталог Гараж Бортжурнал Лизинг Легковые С пробегом Новые Новинки автопрома Дилеры Видео J...,https://auto.ru/mag/article/benzin-ai95-podorozhal-v-rossi-do-rekordnogo-dlya-2025-goda-znacheniya,Новости,2025-04-18T12:21:41+00:00
0,снижение цен на бензин,В Крыму ограничили продажу бензина,В Крыму ограничили продажу бензина Оценка авто Отчёты Кредиты Страховки Отзывы Каталог Гараж Бортжурнал Лизинг Легковые С пробегом Новые Новинки автопрома Дилеры Видео JETOUR TENET Мото Мотоциклы Скут...,https://auto.ru/mag/article/ne-bolshe-30-litrov-v-odni-ruki-v-krymu-ogranichili-prodazhu-benzina,Новости,2025-09-29T15:04:57+00:00
0,снижение цен на бензин,"Рейды ГИБДД в сентябре, рост цен на бензин и новые правила техосмотра. Важное за неделю","Рейды ГИБДД в сентябре, рост цен на бензин и новые правила техосмотра. Важное за неделю Оценка авто Отчёты Кредиты Страховки Отзывы Каталог Гараж Бортжурнал Лизинг Легковые С пробегом Новые Новинки ав...",https://auto.ru/mag/article/reydy-gibdd-ceni-benzin-kontrol-za-tehosmotrom-vazhnoe-za-nedelyu,Новости,2025-09-07T07:01:00+00:00
1,снижение цен на бензин,В России к началу осени подорожал бензин,В России к началу осени подорожал бензин Оценка авто Отчёты Кредиты Страховки Отзывы Каталог Гараж Бортжурнал Лизинг Легковые С пробегом Новые Новинки автопрома Дилеры Видео JETOUR TENET Мото Мотоцикл...,https://auto.ru/mag/article/v-rossii-k-nachalu-oseni-podorozhal-benzin-na-zapravkah,Новости,2025-09-11T14:21:32+00:00
1,снижение цен на бензин,Названы регионы России с самым доступным бензином,Названы регионы России с самым доступным бензином Оценка авто Отчёты Кредиты Страховки Отзывы Каталог Гараж Бортжурнал Лизинг Легковые С пробегом Новые Новинки автопрома Дилеры Видео JETOUR TENET Мото...,https://auto.ru/mag/article/benzin-v-rossii-stal-dostupnee,Новости,2025-06-10T05:50:26+00:00
1,снижение цен на бензин,Импорт бензина из Белоруссии в Россию вырос более чем в 30 раз,Импорт бензина из Белоруссии в Россию вырос более чем в 30 раз Оценка авто Отчёты Кредиты Страховки Отзывы Каталог Гараж Бортжурнал Лизинг Легковые С пробегом Новые Новинки автопрома Дилеры Видео JETO...,https://auto.ru/mag/article/import-benzina-iz-belorussii-v-rossiyu-vyros-bolee-chem-v-30-raz,Новости,2025-10-23T10:46:27+00:00
1,снижение цен на бензин,Названы регионы России с самым доступным бензином,Названы регионы России с самым доступным бензином Оценка авто Отчёты Кредиты Страховки Отзывы Каталог Гараж Бортжурнал Лизинг Легковые С пробегом Новые Новинки автопрома Дилеры Видео JETOUR TENET Мото...,https://auto.ru/mag/article/moskva-stala-liderom-sredi-regionov-rossii-po-dostupnosti-benzina,Новости,2025-02-10T07:02:21+00:00
1,снижение цен на бензин,Правительство запретило экспортировать бензин до конца августа,Правительство запретило экспортировать бензин до конца августа Оценка авто Отчёты Кредиты Страховки Отзывы Каталог Гараж Бортжурнал Лизинг Легковые С пробегом Новые Новинки автопрома Дилеры Видео JETO...,https://auto.ru/mag/article/pravitelstvo-vvelo-zapret-na-eksport-benzina,Новости,2025-07-28T16:48:11+00:00
0,какие авто подорожали,Ремонт автомобилей подорожал в России более чем на четверть,Ремонт автомобилей подорожал в России более чем на четверть Оценка авто Отчёты Кредиты Страховки Отзывы Каталог Гараж Бортжурнал Лизинг Легковые С пробегом Новые Новинки автопрома Дилеры Видео JETOUR ...,https://auto.ru/mag/article/remont-avtomobiley-podorozhal-v-rossii-bolee-chem-na-chetvert,Новости,2024-12-09T06:45:07+00:00
1,какие авто подорожали,Авто.ру назвал самые подорожавшие в 2024 году автомобили,Авто.ру назвал самые подорожавшие в 2024 году автомобили Оценка авто Отчёты Кредиты Страховки Отзывы Каталог Гараж Бортжурнал Лизинг Легковые С пробегом Новые Новинки автопрома Дилеры Видео JETOUR TEN...,https://auto.ru/mag/article/analitiki-avtoru-nazvali-samye-podorozhavshie-v-2024-godu-avtomobili,Новости,2025-01-14T09:27:24+00:00
0,какие авто подорожали,В России подорожал ремонт китайских автомобилей,В России подорожал ремонт китайских автомобилей Оценка авто Отчёты Кредиты Страховки Отзывы Каталог Гараж Бортжурнал Лизинг Легковые С пробегом Новые Новинки автопрома Дилеры Видео JETOUR TENET Мото М...,https://auto.ru/mag/article/v-rossii-podorozhal-remont-kitayskih-avtomobiley,Новости,2025-09-12T11:26:58+00:00
1,какие авто подорожали,В ноябре на вторичке сильнее подорожали бюджетные автомобили,В России начали дорожать автомобили с пробегом Оценка авто Отчёты Кредиты Страховки Отзывы Каталог Гараж Бортжурнал Лизинг Легковые С пробегом Новые Новинки автопрома Дилеры Видео JETOUR TENET Мото Мо...,https://auto.ru/mag/article/v-noyabre-na-vtorichke-dorozhali-byudzhetnye-avtomobili-v-vozraste,Новости,2024-12-18T12:16:44+00:00
1,какие авто подорожали,"Стало известно, какие новые автомобили сильнее всего подорожали за последний месяц","Стало известно, какие новые автомобили сильнее всего подорожали за последний месяц Оценка авто Отчёты Кредиты Страховки Отзывы Каталог Гараж Бортжурнал Лизинг Легковые С пробегом Новые Новинки автопро...",https://auto.ru/mag/article/stalo-izvestno-kakie-novye-avtomobili-silnee-vsego-podorozhali-za-posledniy-mesyac,Новости,2024-12-12T12:35:00+00:00
0,какие авто подорожали,В России к началу осени подорожал бензин,В России к началу осени подорожал бензин Оценка авто Отчёты Кредиты Страховки Отзывы Каталог Гараж Бортжурнал Лизинг Легковые С пробегом Новые Новинки автопрома Дилеры Видео JETOUR TENET Мото Мотоцикл...,https://auto.ru/mag/article/v-rossii-k-nachalu-oseni-podorozhal-benzin-na-zapravkah,Новости,2025-09-11T14:21:32+00:00
1,какие авто подорожали,"АвтоВАЗ объяснил, почему дорожают автомобили Lada","АвтоВАЗ объяснил, почему дорожают автомобили Lada Оценка авто Отчёты Кредиты Страховки Отзывы Каталог Гараж Бортжурнал Лизинг Легковые С пробегом Новые Новинки автопрома Дилеры Видео JETOUR TENET Мото...",https://auto.ru/mag/article/avtovaz-obyasnil-pochemu-dorozhayut-avtomobili-lada,Новости,2025-04-16T06:12:50+00:00
1,какие авто подорожали,АвтоВАЗ обдумывает повышение цен на Лады,АвтоВАЗ обдумывает повышение цен на Лады Оценка авто Отчёты Кредиты Страховки Отзывы Каталог Гараж Бортжурнал Лизинг Легковые С пробегом Новые Новинки автопрома Дилеры Видео JETOUR TENET Мото Мотоцикл...,https://auto.ru/mag/article/avtovaz-obdumyvaet-povyshenie-cen-na-lady,Новости,2025-06-03T12:40:45+00:00
1,какие авто подорожали,"Штрафы, которые никак не могут вернуть, почему дорожает обслуживание машин и кое-что ещё","Штрафы, которые никак не могут вернуть, почему дорожает обслуживание машин и кое-что ещё Оценка авто Отчёты Кредиты Страховки Отзывы Каталог Гараж Бортжурнал Лизинг Легковые С пробегом Новые Новинки а...",https://auto.ru/mag/article/shtrafy-ne-mogut-vernut-dorozhaet-obsluzhivanie-mashin-i-koechto-eshchyo,Новости,2025-03-15T07:01:00+00:00
1,какие авто подорожали,"Подорожание машин, изменения ОСАГО и штраф за фирменный аксессуар. Важное за неделю","Подорожание машин, изменения ОСАГО и штраф за фирменный аксессуар. Важное за неделю Оценка авто Отчёты Кредиты Страховки Отзывы Каталог Гараж Бортжурнал Лизинг Легковые С пробегом Новые Новинки автопр...",https://auto.ru/mag/article/ceny-na-mashiny-izmeneniya-osago-otkaz-ot-osvidetelstvovaniya-vazhnoe-za-nedelyu,Новости,2024-12-30T07:01:00+00:00
1,продажи автомобилей в России,Продажи китайских автомобилей в России сократились более чем на четверть,Продажи китайских автомобилей в России сократились более чем на четверть Оценка авто Отчёты Кредиты Страховки Отзывы Каталог Гараж Бортжурнал Лизинг Легковые С пробегом Новые Новинки автопрома Дилеры ...,https://auto.ru/mag/article/prodazhi-kitayskih-avtomobiley-v-rossii-sokratilis-bolee-chem-na-chetvert,Новости,2025-11-07T08:06:20+00:00
1,продажи автомобилей в России,Продажи новых автомобилей в России упали более чем на четверть,Продажи новых автомобилей в России упали более чем на четверть Оценка авто Отчёты Кредиты Страховки Отзывы Каталог Гараж Бортжурнал Лизинг Легковые С пробегом Новые Новинки автопрома Дилеры Видео JETO...,https://auto.ru/mag/article/prodazhi-legkovyh-avtomobiley-v-rf-upali-bolee-chem-na-chetvert,Новости,2025-07-03T10:24:19+00:00
1,продажи автомобилей в России,В России более чем на четверть упали продажи легковых автомобилей,В России более чем на четверть упали продажи легковых автомобилей Оценка авто Отчёты Кредиты Страховки Отзывы Каталог Гараж Бортжурнал Лизинг Легковые С пробегом Новые Новинки автопрома Дилеры Видео J...,https://auto.ru/mag/article/v-rossii-bolee-chem-na-chetvert-upali-prodazhi-legkovyh-avtomobiley,Новости,2025-02-03T14:19:53+00:00
1,продажи автомобилей в России,Продажи автомобилей с пробегом в России снизились на 6 процентов,Продажи автомобилей с пробегом в России снизились на 6 процентов Оценка авто Отчёты Кредиты Страховки Отзывы Каталог Гараж Бортжурнал Лизинг Легковые С пробегом Новые Новинки автопрома Дилеры Видео JE...,https://auto.ru/mag/article/prodazhi-avtomobiley-s-probegom-v-rossii-snizilis-na-6-procentov,Новости,2025-07-19T08:08:43+00:00
1,продажи автомобилей в России,Продажи автомобилей в России с начала года снизились более чем на четверть,Продажи автомобилей в России с начала года снизились более чем на четверть Оценка авто Отчёты Кредиты Страховки Отзывы Каталог Гараж Бортжурнал Лизинг Легковые С пробегом Новые Новинки автопрома Дилер...,https://auto.ru/mag/article/prodazhi-avtomobiley-v-rossii-s-nachala-goda-snizilis-bolee-chem-na-chetvert,Новости,2025-05-05T13:18:22+00:00
1,продажи автомобилей в России,Продажи легковых автомобилей в России в июле выросли на треть,Продажи легковых автомобилей в России в июле выросли на треть Оценка авто Отчёты Кредиты Страховки Отзывы Каталог Гараж Бортжурнал Лизинг Легковые С пробегом Новые Новинки автопрома Дилеры Видео JETOU...,https://auto.ru/mag/article/prodazhi-legkovyh-avtomobiley-v-rossii-vyrosli-na-tret,Новости,2025-08-04T16:45:13+00:00
1,продажи автомобилей в России,Продажи люксовых автомобилей в России выросли больше чем в полтора раза,Продажи люксовых автомобилей в России выросли больше чем в полтора раза Оценка авто Отчёты Кредиты Страховки Отзывы Каталог Гараж Бортжурнал Лизинг Легковые С пробегом Новые Новинки автопрома Дилеры В...,https://auto.ru/mag/article/prodazhi-lyuksovyh-avtomobiley-v-rossii-vyrosli-bolshe-chem-v-poltora-raza,Новости,2025-06-18T07:20:02+00:00
1,продажи автомобилей в России,Продажи новых автомобилей в России снизились на 17 процентов,Продажи новых автомобилей в России снизились на 17 процентов Оценка авто Отчёты Кредиты Страховки Отзывы Каталог Гараж Бортжурнал Лизинг Легковые С пробегом Новые Новинки автопрома Дилеры Видео JETOUR...,https://auto.ru/mag/article/prodazhi-novyh-avtomobiley-v-rossii-snizilis-na-17-procentov,Новости,2025-09-02T15:20:00+00:00
1,продажи автомобилей в России,Продажи новых китайских автомобилей в России упали более чем на четверть,Продажи новых китайских автомобилей в России упали более чем на четверть Оценка авто Отчёты Кредиты Страховки Отзывы Каталог Гараж Бортжурнал Лизинг Легковые С пробегом Новые Новинки автопрома Дилеры ...,https://auto.ru/mag/article/prodazhi-novyh-kitayskih-avtomobiley-v-rossii-upali-bolee-chem-na-chetvert,Новости,2025-11-10T13:53:18+00:00
1,продажи автомобилей в России,Продажи премиальных автомобилей в России поставили семимесячный рекорд,Продажи премиальных автомобилей в России поставили семимесячный рекорд Оценка авто Отчёты Кредиты Страховки Отзывы Каталог Гараж Бортжурнал Лизинг Легковые С пробегом Новые Новинки автопрома Дилеры Ви...,https://auto.ru/mag/article/prodazhi-premialnyh-avtomobiley-v-rossii-postavili-semimesyachnyy-rekord,Новости,2024-11-22T08:24:35+00:00
0,проверка vin онлайн,УАЗ показал нового робота для завальцовки кузовных деталей,УАЗ показал нового робота для завальцовки кузовных деталей Оценка авто Отчёты Кредиты Страховки Отзывы Каталог Гараж Бортжурнал Лизинг Легковые С пробегом Новые Новинки автопрома Дилеры Видео JETOUR T...,https://auto.ru/mag/article/uaz-nachal-modernizaciyu-svarochnoy-linii,Новости,2025-02-27T12:11:29+00:00
0,проверка vin онлайн,Mopar и Dodge показали доработанный Charger с карбоновыми кузовными деталями,Mopar и Dodge показали доработанный Charger с карбоновыми кузовными деталями Оценка авто Отчёты Кредиты Страховки Отзывы Каталог Гараж Бортжурнал Лизинг Легковые С пробегом Новые Новинки автопрома Дил...,https://auto.ru/mag/article/mopar-i-dodge-pokazali-dorabotannyy-charger-s-dvs-ego-zapchasti-mozhno-budet-kupit,Новости,2025-10-30T09:46:52+00:00
0,проверка vin онлайн,В Hongqi прокомментировали проблему с регистрацией машин в ГИБДД,В Hongqi прокомментировали проблему с регистрацией машин в ГИБДД Оценка авто Отчёты Кредиты Страховки Отзывы Каталог Гараж Бортжурнал Лизинг Легковые С пробегом Новые Новинки автопрома Дилеры Видео JE...,https://auto.ru/mag/article/v-hongqi-prokommentirovali-otkaz-v-registracii-mashin-izza-tablichek-s-vinnomerami,Новости,2025-10-27T14:42:47+00:00
0,проверка vin онлайн,У машин полиции появились номера нового формата,У машин полиции появились номера нового формата Оценка авто Отчёты Кредиты Страховки Отзывы Каталог Гараж Бортжурнал Лизинг Легковые С пробегом Новые Новинки автопрома Дилеры Видео JETOUR TENET Мото М...,https://auto.ru/mag/article/u-mashin-policii-poyavilis-nomera-novogo-formata,Новости,2025-05-03T09:37:32+00:00
1,проверка vin онлайн,Законопроект о торговле красивыми номерами внесли в Госдуму,Законопроект о торговле красивыми номерами внесли в Госдуму Оценка авто Отчёты Кредиты Страховки Отзывы Каталог Гараж Бортжурнал Лизинг Легковые С пробегом Новые Новинки автопрома Дилеры Видео JETOUR ...,https://auto.ru/mag/article/v-gosdumu-vnesyon-zakonoproekt-o-torgovle-krasivymi-nomerami,Новости,2025-10-30T12:38:53+00:00
1,проверка vin онлайн,На Госуслугах появилась возможность отправлять сообщения по номеру автомобиля,На Госуслугах появилась возможность отправлять сообщения по номеру автомобиля Оценка авто Отчёты Кредиты Страховки Отзывы Каталог Гараж Бортжурнал Лизинг Легковые С пробегом Новые Новинки автопрома Ди...,https://auto.ru/mag/article/cherez-gosuslugi-teper-mozhno-otpravlyat-soobshcheniya-po-nomeru-avtomobilya,Новости,2025-02-11T06:02:51+00:00
1,проверка vin онлайн,Дистрибьютор марки Rox Motor в России предложил легализовать «параллельные» машины,Дистрибьютор марки Rox Motor в России предложил легализовать «параллельные» машины Оценка авто Отчёты Кредиты Страховки Отзывы Каталог Гараж Бортжурнал Лизинг Легковые С пробегом Новые Новинки автопро...,https://auto.ru/mag/article/distribyutor-marki-rox-motor-v-rossii-predlozhil-legalizovat-parallelnye-mashiny,Новости,2025-04-03T10:41:54+00:00
1,проверка vin онлайн,Автомобильные номера с российским триколором станут обязательными до конца года,Автомобильные номера с российским триколором станут обязательными до конца года Оценка авто Отчёты Кредиты Страховки Отзывы Каталог Гараж Бортжурнал Лизинг Легковые С пробегом Новые Новинки автопрома ...,https://auto.ru/mag/article/avtomobilnye-nomera-s-rossiyskim-trikolorom-stanut-obyazatelnymi-do-konca-goda,Новости,2024-11-10T10:33:05+00:00
1,проверка vin онлайн,"Продажа «красивых» номеров, повысят ли выплаты по ОСАГО и кое-что ещё","Продажа «красивых» номеров, повысят ли выплаты по ОСАГО и кое-что ещё Оценка авто Отчёты Кредиты Страховки Отзывы Каталог Гараж Бортжурнал Лизинг Легковые С пробегом Новые Новинки автопрома Дилеры Вид...",https://auto.ru/mag/article/prodazha-krasivyh-nomerov-povysyat-li-vyplaty-po-osago-i-koechto-eshchyo,Новости,2025-10-11T07:01:00+00:00
1,проверка vin онлайн,"В Москве с начала года эвакуировали 1,6 тысячи машин без номеров","В Москве с начала года эвакуировали 1,6 тысячи машин без номеров Оценка авто Отчёты Кредиты Страховки Отзывы Каталог Гараж Бортжурнал Лизинг Легковые С пробегом Новые Новинки автопрома Дилеры Видео JE...",https://auto.ru/mag/article/s-nachala-goda-na-specstoyanki-evakuirovali-16-tysyachi-mashin-bez-nomerov,Новости,2025-10-30T04:30:00+00:00
1,новые штрафы для водителей,МВД предупредило водителей о новой схеме мошенничества через письма о штрафах,МВД предупредило водителей о новой схеме мошенничества через письма о штрафах Оценка авто Отчёты Кредиты Страховки Отзывы Каталог Гараж Бортжурнал Лизинг Легковые С пробегом Новые Новинки автопрома Ди...,https://auto.ru/mag/article/mvd-predupredilo-o-novoy-sheme-moshennichestva-cherez-pisma-o-shtrafah,Новости,2025-08-07T08:10:27+00:00
1,новые штрафы для водителей,"Водителям хотят рассылать «письма счастья» за нарушения ПДД, зафиксированные с дронов","Водителям хотят рассылать «письма счастья» за нарушения ПДД, зафиксированные с дронов Оценка авто Отчёты Кредиты Страховки Отзывы Каталог Гараж Бортжурнал Лизинг Легковые С пробегом Новые Новинки авто...",https://auto.ru/mag/article/voditelyam-hotyat-rassylat-pisma-schastya-za-narusheniya-pdd-zafiksirovannye-s-dronov,Новости,2025-09-24T12:57:03+00:00
0,новые штрафы для водителей,"Новый «утиль» для физлиц, большой штраф за непропуск мигалок и ложные «письма счастья». Важное за неделю","Новый «утиль» для физлиц, большой штраф за непропуск мигалок и ложные «письма счастья». Важное за неделю Оценка авто Отчёты Кредиты Страховки Отзывы Каталог Гараж Бортжурнал Лизинг Легковые С пробегом...",https://auto.ru/mag/article/povyshenie-utilya-nakazaniya-za-nepropusk-lozhnye-shtrafy-vazhnoe-za-nedelyu,Новости,2025-07-27T07:01:00+00:00
1,новые штрафы для водителей,"Новые запреты для водителей, штраф за буквы в номере и платный въезд в центр города. Важное за неделю","Новые запреты для водителей, штраф за буквы в номере и платный въезд в центр города. Важное за неделю Оценка авто Отчёты Кредиты Страховки Отзывы Каталог Гараж Бортжурнал Лизинг Легковые С пробегом Но...",https://auto.ru/mag/article/protivopokazaniya-vozhdeniyu-shtraf-bukvy-platnyy-vezd-vazhnoe-za-nedelyu,Новости,2025-08-24T07:01:00+00:00
1,новые штрафы для водителей,Составлен список самых частых нарушений ПДД в Москве,Составлен список самых частых нарушений ПДД в Москве Оценка авто Отчёты Кредиты Страховки Отзывы Каталог Гараж Бортжурнал Лизинг Легковые С пробегом Новые Новинки автопрома Дилеры Видео JETOUR TENET М...,https://auto.ru/mag/article/sostavlen-spisok-samyh-chastyh-narusheniy-pdd-v-moskve,Новости,2025-08-29T15:53:44+00:00
1,новые штрафы для водителей,Водителей предупредили о поддельных штрафах ГИБДД,Водителей предупредили о поддельных штрафах ГИБДД Оценка авто Отчёты Кредиты Страховки Отзывы Каталог Гараж Бортжурнал Лизинг Легковые С пробегом Новые Новинки автопрома Дилеры Видео JETOUR TENET Мото...,https://auto.ru/mag/article/mvd-predupredilo-voditeley-o-rassylaemyh-moshennikami-shtrafah,Новости,2025-05-04T19:18:14+00:00
1,новые штрафы для водителей,В России зафиксирован рекорд по штрафам ГИБДД,В России зафиксирован рекорд по штрафам ГИБДД Оценка авто Отчёты Кредиты Страховки Отзывы Каталог Гараж Бортжурнал Лизинг Легковые С пробегом Новые Новинки автопрома Дилеры Видео JETOUR TENET Мото Мот...,https://auto.ru/mag/article/traty-rossiyan-na-shtrafy-za-narusheniya-pdd-postavili-rekord,Новости,2025-05-23T07:14:09+00:00
1,новые штрафы для водителей,"В Москве назвали самые частые нарушения ПДД, зафиксированные камерами","В Москве назвали самые частые нарушения ПДД, зафиксированные камерами Оценка авто Отчёты Кредиты Страховки Отзывы Каталог Гараж Бортжурнал Лизинг Легковые С пробегом Новые Новинки автопрома Дилеры Вид...",https://auto.ru/mag/article/dorozhnye-kamery-s-nachala-goda-zafiksirovali-bolee-14-millionov-narusheniy-pdd-v-moskve,Новости,2025-06-18T14:56:43+00:00
1,новые штрафы для водителей,Законопроект о повышении штрафов за нарушения ПДД внесён в Госдуму,Законопроект о повышении штрафов за нарушения ПДД внесён в Госдуму Оценка авто Отчёты Кредиты Страховки Отзывы Каталог Гараж Бортжурнал Лизинг Легковые С пробегом Новые Новинки автопрома Дилеры Видео ...,https://auto.ru/mag/article/v-gosdumu-vnesyon-zakonoproekt-o-povyshenii-shtrafov-za-narusheniya-pdd,Новости,2024-11-28T14:10:25+00:00
1,новые штрафы для водителей,Россияне стали более ответственно оплачивать штрафы за нарушения ПДД,Россияне стали более ответственно оплачивать штрафы за нарушения ПДД Оценка авто Отчёты Кредиты Страховки Отзывы Каталог Гараж Бортжурнал Лизинг Легковые С пробегом Новые Новинки автопрома Дилеры Виде...,https://auto.ru/mag/article/rossiyane-stali-bolee-otvetstvenno-oplachivat-shtrafy-za-narusheniya-pdd,Новости,2025-02-14T14:45:00+00:00
